01. Ano,02. Nome Região (Portugal),03. Indicador,04. Filtro 1,05. Filtro 2,06. Filtro 3,07. Escala,08. Símbolo,09. Valor
2007,Portugal,Ganho médio mensal,Homens,18 - 24 anos,, euros,,648.2
2007,Portugal,Ganho médio mensal,Homens,25 - 34 anos,, euros,,950.9
2007,Portugal,Ganho médio mensal,Homens,35 - 44 anos,, euros,,1154.6
2007,Portugal,Ganho médio mensal,Homens,45 - 54 anos,, euros,,1226.6
2007,Portugal,Ganho médio mensal,Homens,55 - 64 anos,, euros,,1242.2
2007,Portugal,Ganho médio mensal,Homens,65 ou mais anos,, euros,,1174.5
2007,Portugal,Ganho médio mensal,Homens,Desconhecido,, euros,,1017.0
2007,Portugal,Ganho médio mensal,Homens,Menos de 18 anos,, euros,,480.7
2007,Portugal,Ganho médio mensal,Homens,Total,, euros,,1068.3
2007,Portugal,Ganho médio mensal,Mulheres,18 - 24 anos,, euros,,589.8
2007,Portugal,Ganho médio mensal,Mulheres,25 - 34 anos,, euros,,824.6
2007,Portugal,Ganho médio mensal,Mulheres,35 - 44 anos,, euros,,882.7
2007,Portugal,Ganho médio mensal,Mulheres,45 - 54 anos,, euros,,863.5
2007,Portugal,Ganho médio mensal,Mulheres,55 - 64 anos,, euros,,855.8
2007,Portugal,Ganho médio mensal,Mulheres,65 ou mais anos,, euros,,861.4
2007,Portugal,Ganho médio mensal,Mulheres,Desconhecido,, euros,,670.2
2007,Portugal,Ganho médio mensal,Mulheres,Menos de 18 anos,, euros,,455.9
2007,Portugal,Ganho médio mensal,Mulheres,Total,, euros,,829.3
2007,Portugal,Ganho médio mensal,Total,18 - 24 anos,, euros,,622.9
2007,Portugal,Ganho médio mensal,Total,25 - 34 anos,, euros,,892.6
2007,Portugal,Ganho médio mensal,Total,35 - 44 anos,, euros,,1034.4
2007,Portugal,Ganho médio mensal,Total,45 - 54 anos,, euros,,1079.2
2007,Portugal,Ganho médio mensal,Total,55 - 64 anos,, euros,,1108.2
2007,Portugal,Ganho médio mensal,Total,65 ou mais anos,, euros,,1083.5
2007,Portugal,Ganho médio mensal,Total,Desconhecido,, euros,,861.0
2007,Portugal,Ganho médio mensal,Total,Menos de 18 anos,, euros,,472.9
2007,Portugal,Ganho médio mensal,Total,Total,, euros,,965.3
2008,Portugal,Ganho médio mensal,Homens,18 - 24 anos,, euros,,678.4
2008,Portugal,Ganho médio mensal,Homens,25 - 34 anos,, euros,,987.5
2008,Portugal,Ganho médio mensal,Homens,35 - 44 anos,, euros,,1204.1
2008,Portugal,Ganho médio mensal,Homens,45 - 54 anos,, euros,,1271.0
2008,Portugal,Ganho médio mensal,Homens,55 - 64 anos,, euros,,1291.6
2008,Portugal,Ganho médio mensal,Homens,65 ou mais anos,, euros,,1277.2
2008,Portugal,Ganho médio mensal,Homens,Desconhecido,, euros,,1049.4
2008,Portugal,Ganho médio mensal,Homens,Menos de 18 anos,, euros,,519.1
2008,Portugal,Ganho médio mensal,Homens,Total,, euros,,1115.4
2008,Portugal,Ganho médio mensal,Mulheres,18 - 24 anos,, euros,,622.2
2008,Portugal,Ganho médio mensal,Mulheres,25 - 34 anos,, euros,,867.2
2008,Portugal,Ganho médio mensal,Mulheres,35 - 44 anos,, euros,,934.4
2008,Portugal,Ganho médio mensal,Mulheres,45 - 54 anos,, euros,,897.1
2008,Portugal,Ganho médio mensal,Mulheres,55 - 64 anos,, euros,,892.3
2008,Portugal,Ganho médio mensal,Mulheres,65 ou mais anos,, euros,,899.3
2008,Portugal,Ganho médio mensal,Mulheres,Desconhecido,, euros,,689.6
2008,Portugal,Ganho médio mensal,Mulheres,Menos de 18 anos,, euros,,473.7
2008,Portugal,Ganho médio mensal,Mulheres,Total,, euros,,873.4
2008,Portugal,Ganho médio mensal,Total,18 - 24 anos,, euros,,654.1
2008,Portugal,Ganho médio mensal,Total,25 - 34 anos,, euros,,931.7
2008,Portugal,Ganho médio mensal,Total,35 - 44 anos,, euros,,1084.3
2008,Portugal,Ganho médio mensal,Total,45 - 54 anos,, euros,,1116.9
2008,Portugal,Ganho médio mensal,Total,55 - 64 anos,, euros,,1150.3
2008,Portugal,Ganho médio mensal,Total,65 ou mais anos,, euros,,1166.6
2008,Portugal,Ganho médio mensal,Total,Desconhecido,, euros,,885.7
2008,Portugal,Ganho médio mensal,Total,Menos de 18 anos,, euros,,505.8
2008,Portugal,Ganho médio mensal,Total,Total,, euros,,1010.4
2009,Portugal,Ganho médio mensal,Homens,18 - 24 anos,, euros,,689.1
2009,Portugal,Ganho médio mensal,Homens,25 - 34 anos,, euros,,990.0
2009,Portugal,Ganho médio mensal,Homens,35 - 44 anos,, euros,,1228.8
2009,Portugal,Ganho médio mensal,Homens,45 - 54 anos,, euros,,1300.4
2009,Portugal,Ganho médio mensal,Homens,55 - 64 anos,, euros,,1332.3
2009,Portugal,Ganho médio mensal,Homens,65 ou mais anos,, euros,,1337.0
2009,Portugal,Ganho médio mensal,Homens,Desconhecido,, euros,,1111.6
2009,Portugal,Ganho médio mensal,Homens,Menos de 18 anos,, euros,,533.8
2009,Portugal,Ganho médio mensal,Homens,Total,, euros,,1141.5
2009,Portugal,Ganho médio mensal,Mulheres,18 - 24 anos,, euros,,635.9
2009,Portugal,Ganho médio mensal,Mulheres,25 - 34 anos,, euros,,882.0
2009,Portugal,Ganho médio mensal,Mulheres,35 - 44 anos,, euros,,969.0
2009,Portugal,Ganho médio mensal,Mulheres,45 - 54 anos,, euros,,925.8
2009,Portugal,Ganho médio mensal,Mulheres,55 - 64 anos,, euros,,922.8
2009,Portugal,Ganho médio mensal,Mulheres,65 ou mais anos,, euros,,918.2
2009,Portugal,Ganho médio mensal,Mulheres,Desconhecido,, euros,,706.8
2009,Portugal,Ganho médio mensal,Mulheres,Menos de 18 anos,, euros,,493.7
2009,Portugal,Ganho médio mensal,Mulheres,Total,, euros,,901.0
2009,Portugal,Ganho médio mensal,Total,18 - 24 anos,, euros,,666.0
2009,Portugal,Ganho médio mensal,Total,25 - 34 anos,, euros,,939.8
2009,Portugal,Ganho médio mensal,Total,35 - 44 anos,, euros,,1112.7
2009,Portugal,Ganho médio mensal,Total,45 - 54 anos,, euros,,1143.4
2009,Portugal,Ganho médio mensal,Total,55 - 64 anos,, euros,,1182.9
2009,Portugal,Ganho médio mensal,Total,65 ou mais anos,, euros,,1208.7
2009,Portugal,Ganho médio mensal,Total,Desconhecido,, euros,,921.9
2009,Portugal,Ganho médio mensal,Total,Menos de 18 anos,, euros,,521.2
2009,Portugal,Ganho médio mensal,Total,Total,, euros,,1036.4
2010,Portugal,Ganho médio mensal,Homens,18 - 24 anos,, euros,,731.9
2010,Portugal,Ganho médio mensal,Homens,25 - 34 anos,, euros,,1018.2
2010,Portugal,Ganho médio mensal,Homens,35 - 44 anos,, euros,,1262.8
2010,Portugal,Ganho médio mensal,Homens,45 - 54 anos,, euros,,1344.0
2010,Portugal,Ganho médio mensal,Homens,55 - 64 anos,, euros,,1404.2
2010,Portugal,Ganho médio mensal,Homens,65 ou mais anos,, euros,,1436.3
2010,Portugal,Ganho médio mensal,Homens,Desconhecido,, euros,,1456.9
2010,Portugal,Ganho médio mensal,Homens,Menos de 18 anos,, euros,,581.6
2010,Portugal,Ganho médio mensal,Homens,Total,, euros,,1185.7
2010,Portugal,Ganho médio mensal,Mulheres,18 - 24 anos,, euros,,674.8
2010,Portugal,Ganho médio mensal,Mulheres,25 - 34 anos,, euros,,907.3
2010,Portugal,Ganho médio mensal,Mulheres,35 - 44 anos,, euros,,1009.8
2010,Portugal,Ganho médio mensal,Mulheres,45 - 54 anos,, euros,,962.0
2010,Portugal,Ganho médio mensal,Mulheres,55 - 64 anos,, euros,,962.9
2010,Portugal,Ganho médio mensal,Mulheres,65 ou mais anos,, euros,,973.8
2010,Portugal,Ganho médio mensal,Mulheres,Desconhecido,, euros,,927.4
2010,Portugal,Ganho médio mensal,Mulheres,Menos de 18 anos,, euros,,524.2
2010,Portugal,Ganho médio mensal,Mulheres,Total,, euros,,937.6
2010,Portugal,Ganho médio mensal,Total,18 - 24 anos,, euros,,706.7
2010,Portugal,Ganho médio mensal,Total,25 - 34 anos,, euros,,966.3
2010,Portugal,Ganho médio mensal,Total,35 - 44 anos,, euros,,1148.8
2010,Portugal,Ganho médio mensal,Total,45 - 54 anos,, euros,,1182.2
2010,Portugal,Ganho médio mensal,Total,55 - 64 anos,, euros,,1239.3
2010,Portugal,Ganho médio mensal,Total,65 ou mais anos,, euros,,1292.4
2010,Portugal,Ganho médio mensal,Total,Desconhecido,, euros,,1247.0
2010,Portugal,Ganho médio mensal,Total,Menos de 18 anos,, euros,,563.5
2010,Portugal,Ganho médio mensal,Total,Total,, euros,,1076.3
2011,Portugal,Ganho médio mensal,Homens,18 - 24 anos,, euros,,745.0
2011,Portugal,Ganho médio mensal,Homens,25 - 34 anos,, euros,,1014.6
2011,Portugal,Ganho médio mensal,Homens,35 - 44 anos,, euros,,1269.6
2011,Portugal,Ganho médio mensal,Homens,45 - 54 anos,, euros,,1348.8
2011,Portugal,Ganho médio mensal,Homens,55 - 64 anos,, euros,,1419.2
2011,Portugal,Ganho médio mensal,Homens,65 ou mais anos,, euros,,1465.1
2011,Portugal,Ganho médio mensal,Homens,Desconhecido,, euros,,1642.7
2011,Portugal,Ganho médio mensal,Homens,Menos de 18 anos,, euros,,605.5
2011,Portugal,Ganho médio mensal,Homens,Total,, euros,,1196.2
2011,Portugal,Ganho médio mensal,Mulheres,18 - 24 anos,, euros,,679.0
2011,Portugal,Ganho médio mensal,Mulheres,25 - 34 anos,, euros,,905.9
2011,Portugal,Ganho médio mensal,Mulheres,35 - 44 anos,, euros,,1021.4
2011,Portugal,Ganho médio mensal,Mulheres,45 - 54 anos,, euros,,969.9
2011,Portugal,Ganho médio mensal,Mulheres,55 - 64 anos,, euros,,968.3
2011,Portugal,Ganho médio mensal,Mulheres,65 ou mais anos,, euros,,1004.7
2011,Portugal,Ganho médio mensal,Mulheres,Desconhecido,, euros,,1025.4
2011,Portugal,Ganho médio mensal,Mulheres,Menos de 18 anos,, euros,,534.9
2011,Portugal,Ganho médio mensal,Mulheres,Total,, euros,,946.7
2011,Portugal,Ganho médio mensal,Total,18 - 24 anos,, euros,,715.9
2011,Portugal,Ganho médio mensal,Total,25 - 34 anos,, euros,,963.3
2011,Portugal,Ganho médio mensal,Total,35 - 44 anos,, euros,,1155.9
2011,Portugal,Ganho médio mensal,Total,45 - 54 anos,, euros,,1184.7
2011,Portugal,Ganho médio mensal,Total,55 - 64 anos,, euros,,1246.3
2011,Portugal,Ganho médio mensal,Total,65 ou mais anos,, euros,,1319.0
2011,Portugal,Ganho médio mensal,Total,Desconhecido,, euros,,1437.2
2011,Portugal,Ganho médio mensal,Total,Menos de 18 anos,, euros,,585.6
2011,Portugal,Ganho médio mensal,Total,Total,, euros,,1084.6
2012,Portugal,Ganho médio mensal,Homens,18 - 24 anos,, euros,,766.5
2012,Portugal,Ganho médio mensal,Homens,25 - 34 anos,, euros,,1004.2
2012,Portugal,Ganho médio mensal,Homens,35 - 44 anos,, euros,,1279.6
2012,Portugal,Ganho médio mensal,Homens,45 - 54 anos,, euros,,1362.7
2012,Portugal,Ganho médio mensal,Homens,55 - 64 anos,, euros,,1456.9
2012,Portugal,Ganho médio mensal,Homens,65 ou mais anos,, euros,,1568.9
2012,Portugal,Ganho médio mensal,Homens,Desconhecido,, euros,,1640.2
2012,Portugal,Ganho médio mensal,Homens,Menos de 18 anos,, euros,,592.1
2012,Portugal,Ganho médio mensal,Homens,Total,, euros,,1213.0
2012,Portugal,Ganho médio mensal,Mulheres,18 - 24 anos,, euros,,673.3
2012,Portugal,Ganho médio mensal,Mulheres,25 - 34 anos,, euros,,900.4
2012,Portugal,Ganho médio mensal,Mulheres,35 - 44 anos,, euros,,1035.7
2012,Portugal,Ganho médio mensal,Mulheres,45 - 54 anos,, euros,,979.5
2012,Portugal,Ganho médio mensal,Mulheres,55 - 64 anos,, euros,,976.0
2012,Portugal,Ganho médio mensal,Mulheres,65 ou mais anos,, euros,,1023.9
2012,Portugal,Ganho médio mensal,Mulheres,Desconhecido,, euros,,1025.9
2012,Portugal,Ganho médio mensal,Mulheres,Menos de 18 anos,, euros,,546.4
2012,Portugal,Ganho médio mensal,Mulheres,Total,, euros,,956.5
2012,Portugal,Ganho médio mensal,Total,18 - 24 anos,, euros,,725.4
2012,Portugal,Ganho médio mensal,Total,25 - 34 anos,, euros,,954.5
2012,Portugal,Ganho médio mensal,Total,35 - 44 anos,, euros,,1165.4
2012,Portugal,Ganho médio mensal,Total,45 - 54 anos,, euros,,1190.9
2012,Portugal,Ganho médio mensal,Total,55 - 64 anos,, euros,,1263.2
2012,Portugal,Ganho médio mensal,Total,65 ou mais anos,, euros,,1384.9
2012,Portugal,Ganho médio mensal,Total,Desconhecido,, euros,,1428.7
2012,Portugal,Ganho médio mensal,Total,Menos de 18 anos,, euros,,579.5
2012,Portugal,Ganho médio mensal,Total,Total,, euros,,1095.6
2013,Portugal,Ganho médio mensal,Homens,18 - 24 anos,, euros,,753.1
2013,Portugal,Ganho médio mensal,Homens,25 - 34 anos,, euros,,990.3
2013,Portugal,Ganho médio mensal,Homens,35 - 44 anos,, euros,,1270.1
2013,Portugal,Ganho médio mensal,Homens,45 - 54 anos,, euros,,1357.1
2013,Portugal,Ganho médio mensal,Homens,55 - 64 anos,, euros,,1450.4
2013,Portugal,Ganho médio mensal,Homens,65 ou mais anos,, euros,,1552.9
2013,Portugal,Ganho médio mensal,Homens,Desconhecido,, euros,,1743.5
2013,Portugal,Ganho médio mensal,Homens,Menos de 18 anos,, euros,,652.4
2013,Portugal,Ganho médio mensal,Homens,Total,, euros,,1209.2
2013,Portugal,Ganho médio mensal,Mulheres,18 - 24 anos,, euros,,666.2
2013,Portugal,Ganho médio mensal,Mulheres,25 - 34 anos,, euros,,887.7
2013,Portugal,Ganho médio mensal,Mulheres,35 - 44 anos,, euros,,1040.2
2013,Portugal,Ganho médio mensal,Mulheres,45 - 54 anos,, euros,,985.6
2013,Portugal,Ganho médio mensal,Mulheres,55 - 64 anos,, euros,,975.2
2013,Portugal,Ganho médio mensal,Mulheres,65 ou mais anos,, euros,,1027.8
2013,Portugal,Ganho médio mensal,Mulheres,Desconhecido,, euros,,1191.5
2013,Portugal,Ganho médio mensal,Mulheres,Menos de 18 anos,, euros,,574.5
2013,Portugal,Ganho médio mensal,Mulheres,Total,, euros,,958.1
2013,Portugal,Ganho médio mensal,Total,18 - 24 anos,, euros,,715.3
2013,Portugal,Ganho médio mensal,Total,25 - 34 anos,, euros,,941.2
2013,Portugal,Ganho médio mensal,Total,35 - 44 anos,, euros,,1161.8
2013,Portugal,Ganho médio mensal,Total,45 - 54 anos,, euros,,1188.9
2013,Portugal,Ganho médio mensal,Total,55 - 64 anos,, euros,,1256.0
2013,Portugal,Ganho médio mensal,Total,65 ou mais anos,, euros,,1372.7
2013,Portugal,Ganho médio mensal,Total,Desconhecido,, euros,,1576.0
2013,Portugal,Ganho médio mensal,Total,Menos de 18 anos,, euros,,626.5
2013,Portugal,Ganho médio mensal,Total,Total,, euros,,1093.8
2014,Portugal,Ganho médio mensal,Homens,18 - 24 anos,, euros,,752.9
2014,Portugal,Ganho médio mensal,Homens,25 - 34 anos,, euros,,979.4
2014,Portugal,Ganho médio mensal,Homens,35 - 44 anos,, euros,,1263.3
2014,Portugal,Ganho médio mensal,Homens,45 - 54 anos,, euros,,1345.8
2014,Portugal,Ganho médio mensal,Homens,55 - 64 anos,, euros,,1431.9
2014,Portugal,Ganho médio mensal,Homens,65 ou mais anos,, euros,,1528.7
2014,Portugal,Ganho médio mensal,Homens,Desconhecido,, euros,,1777.6
2014,Portugal,Ganho médio mensal,Homens,Menos de 18 anos,, euros,,837.3
2014,Portugal,Ganho médio mensal,Homens,Total,, euros,,1203.3
2014,Portugal,Ganho médio mensal,Mulheres,18 - 24 anos,, euros,,675.0
2014,Portugal,Ganho médio mensal,Mulheres,25 - 34 anos,, euros,,884.4
2014,Portugal,Ganho médio mensal,Mulheres,35 - 44 anos,, euros,,1046.0
2014,Portugal,Ganho médio mensal,Mulheres,45 - 54 anos,, euros,,992.2
2014,Portugal,Ganho médio mensal,Mulheres,55 - 64 anos,, euros,,983.5
2014,Portugal,Ganho médio mensal,Mulheres,65 ou mais anos,, euros,,986.9
2014,Portugal,Ganho médio mensal,Mulheres,Desconhecido,, euros,,1172.6
2014,Portugal,Ganho médio mensal,Mulheres,Menos de 18 anos,, euros,,590.6
2014,Portugal,Ganho médio mensal,Mulheres,Total,, euros,,963.1
2014,Portugal,Ganho médio mensal,Total,18 - 24 anos,, euros,,719.2
2014,Portugal,Ganho médio mensal,Total,25 - 34 anos,, euros,,934.3
2014,Portugal,Ganho médio mensal,Total,35 - 44 anos,, euros,,1161.1
2014,Portugal,Ganho médio mensal,Total,45 - 54 anos,, euros,,1185.2
2014,Portugal,Ganho médio mensal,Total,55 - 64 anos,, euros,,1246.4
2014,Portugal,Ganho médio mensal,Total,65 ou mais anos,, euros,,1328.6
2014,Portugal,Ganho médio mensal,Total,Desconhecido,, euros,,1575.8
2014,Portugal,Ganho médio mensal,Total,Menos de 18 anos,, euros,,752.9
2014,Portugal,Ganho médio mensal,Total,Total,, euros,,1093.2
2015,Portugal,Ganho médio mensal,Homens,18 - 24 anos,, euros,,769.0
2015,Portugal,Ganho médio mensal,Homens,25 - 34 anos,, euros,,989.0
2015,Portugal,Ganho médio mensal,Homens,35 - 44 anos,, euros,,1261.0
2015,Portugal,Ganho médio mensal,Homens,45 - 54 anos,, euros,,1348.1
2015,Portugal,Ganho médio mensal,Homens,55 - 64 anos,, euros,,1425.1
2015,Portugal,Ganho médio mensal,Homens,65 ou mais anos,, euros,,1547.2
2015,Portugal,Ganho médio mensal,Homens,Desconhecido,, euros,,1696.3
2015,Portugal,Ganho médio mensal,Homens,Menos de 18 anos,, euros,,767.9
2015,Portugal,Ganho médio mensal,Homens,Total,, euros,,1207.8
2015,Portugal,Ganho médio mensal,Mulheres,18 - 24 anos,, euros,,688.0
2015,Portugal,Ganho médio mensal,Mulheres,25 - 34 anos,, euros,,884.4
2015,Portugal,Ganho médio mensal,Mulheres,35 - 44 anos,, euros,,1047.8
2015,Portugal,Ganho médio mensal,Mulheres,45 - 54 anos,, euros,,999.8
2015,Portugal,Ganho médio mensal,Mulheres,55 - 64 anos,, euros,,987.1
2015,Portugal,Ganho médio mensal,Mulheres,65 ou mais anos,, euros,,1010.3
2015,Portugal,Ganho médio mensal,Mulheres,Desconhecido,, euros,,1224.6
2015,Portugal,Ganho médio mensal,Mulheres,Menos de 18 anos,, euros,,590.9
2015,Portugal,Ganho médio mensal,Mulheres,Total,, euros,,966.9
2015,Portugal,Ganho médio mensal,Total,18 - 24 anos,, euros,,733.7
2015,Portugal,Ganho médio mensal,Total,25 - 34 anos,, euros,,939.2
2015,Portugal,Ganho médio mensal,Total,35 - 44 anos,, euros,,1159.9
2015,Portugal,Ganho médio mensal,Total,45 - 54 anos,, euros,,1188.7
2015,Portugal,Ganho médio mensal,Total,55 - 64 anos,, euros,,1241.8
2015,Portugal,Ganho médio mensal,Total,65 ou mais anos,, euros,,1341.6
2015,Portugal,Ganho médio mensal,Total,Desconhecido,, euros,,1535.4
2015,Portugal,Ganho médio mensal,Total,Menos de 18 anos,, euros,,711.9
2015,Portugal,Ganho médio mensal,Total,Total,, euros,,1096.7
2016,Portugal,Ganho médio mensal,Homens,18 - 24 anos,, euros,,785.6
2016,Portugal,Ganho médio mensal,Homens,25 - 34 anos,, euros,,1002.8
2016,Portugal,Ganho médio mensal,Homens,35 - 44 anos,, euros,,1266.9
2016,Portugal,Ganho médio mensal,Homens,45 - 54 anos,, euros,,1355.0
2016,Portugal,Ganho médio mensal,Homens,55 - 64 anos,, euros,,1411.3
2016,Portugal,Ganho médio mensal,Homens,65 ou mais anos,, euros,,1537.9
2016,Portugal,Ganho médio mensal,Homens,Desconhecido,, euros,,1736.8
2016,Portugal,Ganho médio mensal,Homens,Menos de 18 anos,, euros,,814.5
2016,Portugal,Ganho médio mensal,Homens,Total,, euros,,1215.1
2016,Portugal,Ganho médio mensal,Mulheres,18 - 24 anos,, euros,,711.7
2016,Portugal,Ganho médio mensal,Mulheres,25 - 34 anos,, euros,,900.4
2016,Portugal,Ganho médio mensal,Mulheres,35 - 44 anos,, euros,,1060.7
2016,Portugal,Ganho médio mensal,Mulheres,45 - 54 anos,, euros,,1022.1
2016,Portugal,Ganho médio mensal,Mulheres,55 - 64 anos,, euros,,991.9
2016,Portugal,Ganho médio mensal,Mulheres,65 ou mais anos,, euros,,1024.6
2016,Portugal,Ganho médio mensal,Mulheres,Desconhecido,, euros,,1197.7
2016,Portugal,Ganho médio mensal,Mulheres,Menos de 18 anos,, euros,,620.2
2016,Portugal,Ganho médio mensal,Mulheres,Total,, euros,,982.5
2016,Portugal,Ganho médio mensal,Total,18 - 24 anos,, euros,,753.4
2016,Portugal,Ganho médio mensal,Total,25 - 34 anos,, euros,,954.3
2016,Portugal,Ganho médio mensal,Total,35 - 44 anos,, euros,,1169.0
2016,Portugal,Ganho médio mensal,Total,45 - 54 anos,, euros,,1202.1
2016,Portugal,Ganho médio mensal,Total,55 - 64 anos,, euros,,1234.0
2016,Portugal,Ganho médio mensal,Total,65 ou mais anos,, euros,,1337.6
2016,Portugal,Ganho médio mensal,Total,Desconhecido,, euros,,1559.8
2016,Portugal,Ganho médio mensal,Total,Menos de 18 anos,, euros,,759.2
2016,Portugal,Ganho médio mensal,Total,Total,, euros,,1107.9
2017,Portugal,Ganho médio mensal,Homens,18 - 24 anos,, euros,,818.3
2017,Portugal,Ganho médio mensal,Homens,25 - 34 anos,, euros,,1040.4
2017,Portugal,Ganho médio mensal,Homens,35 - 44 anos,, euros,,1285.2
2017,Portugal,Ganho médio mensal,Homens,45 - 54 anos,, euros,,1376.4
2017,Portugal,Ganho médio mensal,Homens,55 - 64 anos,, euros,,1401.3
2017,Portugal,Ganho médio mensal,Homens,65 ou mais anos,, euros,,1547.8
2017,Portugal,Ganho médio mensal,Homens,Desconhecido,, euros,,1791.3
2017,Portugal,Ganho médio mensal,Homens,Menos de 18 anos,, euros,,805.1
2017,Portugal,Ganho médio mensal,Homens,Total,, euros,,1236.9
2017,Portugal,Ganho médio mensal,Mulheres,18 - 24 anos,, euros,,749.4
2017,Portugal,Ganho médio mensal,Mulheres,25 - 34 anos,, euros,,931.1
2017,Portugal,Ganho médio mensal,Mulheres,35 - 44 anos,, euros,,1087.8
2017,Portugal,Ganho médio mensal,Mulheres,45 - 54 anos,, euros,,1056.3
2017,Portugal,Ganho médio mensal,Mulheres,55 - 64 anos,, euros,,1011.0
2017,Portugal,Ganho médio mensal,Mulheres,65 ou mais anos,, euros,,1018.2
2017,Portugal,Ganho médio mensal,Mulheres,Desconhecido,, euros,,1262.1
2017,Portugal,Ganho médio mensal,Mulheres,Menos de 18 anos,, euros,,647.8
2017,Portugal,Ganho médio mensal,Mulheres,Total,, euros,,1011.0
2017,Portugal,Ganho médio mensal,Total,18 - 24 anos,, euros,,788.3
2017,Portugal,Ganho médio mensal,Total,25 - 34 anos,, euros,,989.2
2017,Portugal,Ganho médio mensal,Total,35 - 44 anos,, euros,,1191.7
2017,Portugal,Ganho médio mensal,Total,45 - 54 anos,, euros,,1229.8
2017,Portugal,Ganho médio mensal,Total,55 - 64 anos,, euros,,1237.2
2017,Portugal,Ganho médio mensal,Total,65 ou mais anos,, euros,,1346.8
2017,Portugal,Ganho médio mensal,Total,Desconhecido,, euros,,1616.1
2017,Portugal,Ganho médio mensal,Total,Menos de 18 anos,, euros,,761.6
2017,Portugal,Ganho médio mensal,Total,Total,, euros,,1133.3
2018,Portugal,Ganho médio mensal,Homens,18 - 24 anos,, euros,,858.9
2018,Portugal,Ganho médio mensal,Homens,25 - 34 anos,, euros,,1090.5
2018,Portugal,Ganho médio mensal,Homens,35 - 44 anos,, euros,,1322.5
2018,Portugal,Ganho médio mensal,Homens,45 - 54 anos,, euros,,1414.8
2018,Portugal,Ganho médio mensal,Homens,55 - 64 anos,, euros,,1418.8
2018,Portugal,Ganho médio mensal,Homens,65 ou mais anos,, euros,,1534.5
2018,Portugal,Ganho médio mensal,Homens,Desconhecido,, euros,,1833.1
2018,Portugal,Ganho médio mensal,Homens,Menos de 18 anos,, euros,,813.3
2018,Portugal,Ganho médio mensal,Homens,Total,, euros,,1274.0
2018,Portugal,Ganho médio mensal,Mulheres,18 - 24 anos,, euros,,786.5
2018,Portugal,Ganho médio mensal,Mulheres,25 - 34 anos,, euros,,967.4
2018,Portugal,Ganho médio mensal,Mulheres,35 - 44 anos,, euros,,1119.9
2018,Portugal,Ganho médio mensal,Mulheres,45 - 54 anos,, euros,,1100.6
2018,Portugal,Ganho médio mensal,Mulheres,55 - 64 anos,, euros,,1039.8
2018,Portugal,Ganho médio mensal,Mulheres,65 ou mais anos,, euros,,1057.4
2018,Portugal,Ganho médio mensal,Mulheres,Desconhecido,, euros,,1262.7
2018,Portugal,Ganho médio mensal,Mulheres,Menos de 18 anos,, euros,,696.9
2018,Portugal,Ganho médio mensal,Mulheres,Total,, euros,,1046.6
2018,Portugal,Ganho médio mensal,Total,18 - 24 anos,, euros,,827.8
2018,Portugal,Ganho médio mensal,Total,25 - 34 anos,, euros,,1033.4
2018,Portugal,Ganho médio mensal,Total,35 - 44 anos,, euros,,1227.0
2018,Portugal,Ganho médio mensal,Total,45 - 54 anos,, euros,,1270.9
2018,Portugal,Ganho médio mensal,Total,55 - 64 anos,, euros,,1258.2
2018,Portugal,Ganho médio mensal,Total,65 ou mais anos,, euros,,1353.0
2018,Portugal,Ganho médio mensal,Total,Desconhecido,, euros,,1651.8
2018,Portugal,Ganho médio mensal,Total,Menos de 18 anos,, euros,,775.7
2018,Portugal,Ganho médio mensal,Total,Total,, euros,,1170.3
2019,Portugal,Ganho médio mensal,Homens,18 - 24 anos,, euros,,904.0
2019,Portugal,Ganho médio mensal,Homens,25 - 34 anos,, euros,,1141.2
2019,Portugal,Ganho médio mensal,Homens,35 - 44 anos,, euros,,1364.3
2019,Portugal,Ganho médio mensal,Homens,45 - 54 anos,, euros,,1457.0
2019,Portugal,Ganho médio mensal,Homens,55 - 64 anos,, euros,,1426.2
2019,Portugal,Ganho médio mensal,Homens,65 ou mais anos,, euros,,1560.4
2019,Portugal,Ganho médio mensal,Homens,Desconhecido,, euros,,1099.4
2019,Portugal,Ganho médio mensal,Homens,Menos de 18 anos,, euros,,1105.5
2019,Portugal,Ganho médio mensal,Homens,Total,, euros,,1312.4
2019,Portugal,Ganho médio mensal,Mulheres,18 - 24 anos,, euros,,828.0
2019,Portugal,Ganho médio mensal,Mulheres,25 - 34 anos,, euros,,1018.7
2019,Portugal,Ganho médio mensal,Mulheres,35 - 44 anos,, euros,,1158.2
2019,Portugal,Ganho médio mensal,Mulheres,45 - 54 anos,, euros,,1146.0
2019,Portugal,Ganho médio mensal,Mulheres,55 - 64 anos,, euros,,1060.4
2019,Portugal,Ganho médio mensal,Mulheres,65 ou mais anos,, euros,,1112.5
2019,Portugal,Ganho médio mensal,Mulheres,Desconhecido,, euros,,1045.0
2019,Portugal,Ganho médio mensal,Mulheres,Menos de 18 anos,, euros,,782.9
2019,Portugal,Ganho médio mensal,Mulheres,Total,, euros,,1087.0
2019,Portugal,Ganho médio mensal,Total,18 - 24 anos,, euros,,871.4
2019,Portugal,Ganho médio mensal,Total,25 - 34 anos,, euros,,1084.7
2019,Portugal,Ganho médio mensal,Total,35 - 44 anos,, euros,,1267.8
2019,Portugal,Ganho médio mensal,Total,45 - 54 anos,, euros,,1314.3
2019,Portugal,Ganho médio mensal,Total,55 - 64 anos,, euros,,1270.3
2019,Portugal,Ganho médio mensal,Total,65 ou mais anos,, euros,,1396.6
2019,Portugal,Ganho médio mensal,Total,Desconhecido,, euros,,1070.1
2019,Portugal,Ganho médio mensal,Total,Menos de 18 anos,, euros,,1016.8
2019,Portugal,Ganho médio mensal,Total,Total,, euros,,1209.9
2020,Portugal,Ganho médio mensal,Homens,18 - 24 anos,, euros,,939.9
2020,Portugal,Ganho médio mensal,Homens,25 - 34 anos,, euros,,1179.1
2020,Portugal,Ganho médio mensal,Homens,35 - 44 anos,, euros,,1387.9
2020,Portugal,Ganho médio mensal,Homens,45 - 54 anos,, euros,,1494.2
2020,Portugal,Ganho médio mensal,Homens,55 - 64 anos,, euros,,1457.5
2020,Portugal,Ganho médio mensal,Homens,65 ou mais anos,, euros,,1639.2
2020,Portugal,Ganho médio mensal,Homens,Desconhecido,, euros,,1212.5
2020,Portugal,Ganho médio mensal,Homens,Menos de 18 anos,, euros,,1339.1
2020,Portugal,Ganho médio mensal,Homens,Total,, euros,,1349.4
2020,Portugal,Ganho médio mensal,Mulheres,18 - 24 anos,, euros,,870.5
2020,Portugal,Ganho médio mensal,Mulheres,25 - 34 anos,, euros,,1065.0
2020,Portugal,Ganho médio mensal,Mulheres,35 - 44 anos,, euros,,1194.6
2020,Portugal,Ganho médio mensal,Mulheres,45 - 54 anos,, euros,,1191.6
2020,Portugal,Ganho médio mensal,Mulheres,55 - 64 anos,, euros,,1099.1
2020,Portugal,Ganho médio mensal,Mulheres,65 ou mais anos,, euros,,1155.7
2020,Portugal,Ganho médio mensal,Mulheres,Desconhecido,, euros,,1144.3
2020,Portugal,Ganho médio mensal,Mulheres,Menos de 18 anos,, euros,,744.2
2020,Portugal,Ganho médio mensal,Mulheres,Total,, euros,,1130.9
2020,Portugal,Ganho médio mensal,Total,18 - 24 anos,, euros,,910.8
2020,Portugal,Ganho médio mensal,Total,25 - 34 anos,, euros,,1127.2
2020,Portugal,Ganho médio mensal,Total,35 - 44 anos,, euros,,1298.1
2020,Portugal,Ganho médio mensal,Total,45 - 54 anos,, euros,,1355.4
2020,Portugal,Ganho médio mensal,Total,55 - 64 anos,, euros,,1304.4
2020,Portugal,Ganho médio mensal,Total,65 ou mais anos,, euros,,1462.6
2020,Portugal,Ganho médio mensal,Total,Desconhecido,, euros,,1183.4
2020,Portugal,Ganho médio mensal,Total,Menos de 18 anos,, euros,,1233.5
2020,Portugal,Ganho médio mensal,Total,Total,, euros,,1250.8
2021,Portugal,Ganho médio mensal,Homens,18 - 24 anos,, euros,,975.7
2021,Portugal,Ganho médio mensal,Homens,25 - 34 anos,, euros,,1237.8
2021,Portugal,Ganho médio mensal,Homens,35 - 44 anos,, euros,,1440.7
2021,Portugal,Ganho médio mensal,Homens,45 - 54 anos,, euros,,1539.2
2021,Portugal,Ganho médio mensal,Homens,55 - 64 anos,, euros,,1477.0
2021,Portugal,Ganho médio mensal,Homens,65 ou mais anos,, euros,,1631.3
2021,Portugal,Ganho médio mensal,Homens,Desconhecido,, euros,,1180.2
2021,Portugal,Ganho médio mensal,Homens,Menos de 18 anos,, euros,,1291.7
2021,Portugal,Ganho médio mensal,Homens,Total,, euros,,1395.7
2021,Portugal,Ganho médio mensal,Mulheres,18 - 24 anos,, euros,,912.9
2021,Portugal,Ganho médio mensal,Mulheres,25 - 34 anos,, euros,,1116.3
2021,Portugal,Ganho médio mensal,Mulheres,35 - 44 anos,, euros,,1230.3
2021,Portugal,Ganho médio mensal,Mulheres,45 - 54 anos,, euros,,1236.4
2021,Portugal,Ganho médio mensal,Mulheres,55 - 64 anos,, euros,,1132.1
2021,Portugal,Ganho médio mensal,Mulheres,65 ou mais anos,, euros,,1202.0
2021,Portugal,Ganho médio mensal,Mulheres,Desconhecido,, euros,,1106.5
2021,Portugal,Ganho médio mensal,Mulheres,Menos de 18 anos,, euros,,762.8
2021,Portugal,Ganho médio mensal,Mulheres,Total,, euros,,1172.1
2021,Portugal,Ganho médio mensal,Total,18 - 24 anos,, euros,,948.8
2021,Portugal,Ganho médio mensal,Total,25 - 34 anos,, euros,,1182.5
2021,Portugal,Ganho médio mensal,Total,35 - 44 anos,, euros,,1343.0
2021,Portugal,Ganho médio mensal,Total,45 - 54 anos,, euros,,1398.5
2021,Portugal,Ganho médio mensal,Total,55 - 64 anos,, euros,,1327.7
2021,Portugal,Ganho médio mensal,Total,65 ou mais anos,, euros,,1471.0
2021,Portugal,Ganho médio mensal,Total,Desconhecido,, euros,,1143.7
2021,Portugal,Ganho médio mensal,Total,Menos de 18 anos,, euros,,1171.6
2021,Portugal,Ganho médio mensal,Total,Total,, euros,,1294.1
2022,Portugal,Ganho médio mensal,Homens,18 - 24 anos,, euros,,1047.2
2022,Portugal,Ganho médio mensal,Homens,25 - 34 anos,, euros,,1322.2
2022,Portugal,Ganho médio mensal,Homens,35 - 44 anos,, euros,,1529.7
2022,Portugal,Ganho médio mensal,Homens,45 - 54 anos,, euros,,1630.5
2022,Portugal,Ganho médio mensal,Homens,55 - 64 anos,, euros,,1547.6
2022,Portugal,Ganho médio mensal,Homens,65 ou mais anos,, euros,,1636.3
2022,Portugal,Ganho médio mensal,Homens,Desconhecido,, euros,,1283.8
2022,Portugal,Ganho médio mensal,Homens,Menos de 18 anos,, euros,,1255.2
2022,Portugal,Ganho médio mensal,Homens,Total,, euros,,1476.2
2022,Portugal,Ganho médio mensal,Mulheres,18 - 24 anos,, euros,,974.4
2022,Portugal,Ganho médio mensal,Mulheres,25 - 34 anos,, euros,,1193.8
2022,Portugal,Ganho médio mensal,Mulheres,35 - 44 anos,, euros,,1293.6
2022,Portugal,Ganho médio mensal,Mulheres,45 - 54 anos,, euros,,1309.6
2022,Portugal,Ganho médio mensal,Mulheres,55 - 64 anos,, euros,,1182.8
2022,Portugal,Ganho médio mensal,Mulheres,65 ou mais anos,, euros,,1240.2
2022,Portugal,Ganho médio mensal,Mulheres,Desconhecido,, euros,,1151.3
2022,Portugal,Ganho médio mensal,Mulheres,Menos de 18 anos,, euros,,833.1
2022,Portugal,Ganho médio mensal,Mulheres,Total,, euros,,1237.5
2022,Portugal,Ganho médio mensal,Total,18 - 24 anos,, euros,,1015.8
2022,Portugal,Ganho médio mensal,Total,25 - 34 anos,, euros,,1264.5
2022,Portugal,Ganho médio mensal,Total,35 - 44 anos,, euros,,1420.7
2022,Portugal,Ganho médio mensal,Total,45 - 54 anos,, euros,,1480.6
2022,Portugal,Ganho médio mensal,Total,55 - 64 anos,, euros,,1387.8
2022,Portugal,Ganho médio mensal,Total,65 ou mais anos,, euros,,1488.5
2022,Portugal,Ganho médio mensal,Total,Desconhecido,, euros,,1226.2
2022,Portugal,Ganho médio mensal,Total,Menos de 18 anos,, euros,,1142.1
2022,Portugal,Ganho médio mensal,Total,Total,, euros,,1368.0
2007,Portugal,Remuneração média mensal de base,Homens,18 - 24 anos,, euros,,539.7
2007,Portugal,Remuneração média mensal de base,Homens,25 - 34 anos,, euros,,786.7
2007,Portugal,Remuneração média mensal de base,Homens,35 - 44 anos,, euros,,946.3
2007,Portugal,Remuneração média mensal de base,Homens,45 - 54 anos,, euros,,1000.0
2007,Portugal,Remuneração média mensal de base,Homens,55 - 64 anos,, euros,,1031.5
2007,Portugal,Remuneração média mensal de base,Homens,65 ou mais anos,, euros,,1045.1
2007,Portugal,Remuneração média mensal de base,Homens,Desconhecido,, euros,,920.6
2007,Portugal,Remuneração média mensal de base,Homens,Menos de 18 anos,, euros,,411.6
2007,Portugal,Remuneração média mensal de base,Homens,Total,, euros,,879.6
2007,Portugal,Remuneração média mensal de base,Mulheres,18 - 24 anos,, euros,,508.6
2007,Portugal,Remuneração média mensal de base,Mulheres,25 - 34 anos,, euros,,712.2
2007,Portugal,Remuneração média mensal de base,Mulheres,35 - 44 anos,, euros,,759.3
2007,Portugal,Remuneração média mensal de base,Mulheres,45 - 54 anos,, euros,,739.7
2007,Portugal,Remuneração média mensal de base,Mulheres,55 - 64 anos,, euros,,742.6
2007,Portugal,Remuneração média mensal de base,Mulheres,65 ou mais anos,, euros,,779.3
2007,Portugal,Remuneração média mensal de base,Mulheres,Desconhecido,, euros,,611.4
2007,Portugal,Remuneração média mensal de base,Mulheres,Menos de 18 anos,, euros,,400.8
2007,Portugal,Remuneração média mensal de base,Mulheres,Total,, euros,,714.6
2007,Portugal,Remuneração média mensal de base,Total,18 - 24 anos,, euros,,526.2
2007,Portugal,Remuneração média mensal de base,Total,25 - 34 anos,, euros,,752.3
2007,Portugal,Remuneração média mensal de base,Total,35 - 44 anos,, euros,,863.6
2007,Portugal,Remuneração média mensal de base,Total,45 - 54 anos,, euros,,894.3
2007,Portugal,Remuneração média mensal de base,Total,55 - 64 anos,, euros,,931.4
2007,Portugal,Remuneração média mensal de base,Total,65 ou mais anos,, euros,,967.9
2007,Portugal,Remuneração média mensal de base,Total,Desconhecido,, euros,,781.5
2007,Portugal,Remuneração média mensal de base,Total,Menos de 18 anos,, euros,,408.2
2007,Portugal,Remuneração média mensal de base,Total,Total,, euros,,808.5
2008,Portugal,Remuneração média mensal de base,Homens,18 - 24 anos,, euros,,565.6
2008,Portugal,Remuneração média mensal de base,Homens,25 - 34 anos,, euros,,818.3
2008,Portugal,Remuneração média mensal de base,Homens,35 - 44 anos,, euros,,988.3
2008,Portugal,Remuneração média mensal de base,Homens,45 - 54 anos,, euros,,1038.7
2008,Portugal,Remuneração média mensal de base,Homens,55 - 64 anos,, euros,,1074.1
2008,Portugal,Remuneração média mensal de base,Homens,65 ou mais anos,, euros,,1138.0
2008,Portugal,Remuneração média mensal de base,Homens,Desconhecido,, euros,,960.1
2008,Portugal,Remuneração média mensal de base,Homens,Menos de 18 anos,, euros,,443.2
2008,Portugal,Remuneração média mensal de base,Homens,Total,, euros,,920.1
2008,Portugal,Remuneração média mensal de base,Mulheres,18 - 24 anos,, euros,,533.5
2008,Portugal,Remuneração média mensal de base,Mulheres,25 - 34 anos,, euros,,744.7
2008,Portugal,Remuneração média mensal de base,Mulheres,35 - 44 anos,, euros,,800.3
2008,Portugal,Remuneração média mensal de base,Mulheres,45 - 54 anos,, euros,,768.3
2008,Portugal,Remuneração média mensal de base,Mulheres,55 - 64 anos,, euros,,774.0
2008,Portugal,Remuneração média mensal de base,Mulheres,65 ou mais anos,, euros,,813.4
2008,Portugal,Remuneração média mensal de base,Mulheres,Desconhecido,, euros,,633.0
2008,Portugal,Remuneração média mensal de base,Mulheres,Menos de 18 anos,, euros,,422.0
2008,Portugal,Remuneração média mensal de base,Mulheres,Total,, euros,,749.7
2008,Portugal,Remuneração média mensal de base,Total,18 - 24 anos,, euros,,551.7
2008,Portugal,Remuneração média mensal de base,Total,25 - 34 anos,, euros,,784.1
2008,Portugal,Remuneração média mensal de base,Total,35 - 44 anos,, euros,,904.8
2008,Portugal,Remuneração média mensal de base,Total,45 - 54 anos,, euros,,927.2
2008,Portugal,Remuneração média mensal de base,Total,55 - 64 anos,, euros,,968.0
2008,Portugal,Remuneração média mensal de base,Total,65 ou mais anos,, euros,,1043.0
2008,Portugal,Remuneração média mensal de base,Total,Desconhecido,, euros,,811.3
2008,Portugal,Remuneração média mensal de base,Total,Menos de 18 anos,, euros,,437.0
2008,Portugal,Remuneração média mensal de base,Total,Total,, euros,,846.1
2009,Portugal,Remuneração média mensal de base,Homens,18 - 24 anos,, euros,,578.6
2009,Portugal,Remuneração média mensal de base,Homens,25 - 34 anos,, euros,,824.3
2009,Portugal,Remuneração média mensal de base,Homens,35 - 44 anos,, euros,,1011.1
2009,Portugal,Remuneração média mensal de base,Homens,45 - 54 anos,, euros,,1063.6
2009,Portugal,Remuneração média mensal de base,Homens,55 - 64 anos,, euros,,1108.0
2009,Portugal,Remuneração média mensal de base,Homens,65 ou mais anos,, euros,,1196.2
2009,Portugal,Remuneração média mensal de base,Homens,Desconhecido,, euros,,1012.9
2009,Portugal,Remuneração média mensal de base,Homens,Menos de 18 anos,, euros,,460.5
2009,Portugal,Remuneração média mensal de base,Homens,Total,, euros,,943.9
2009,Portugal,Remuneração média mensal de base,Mulheres,18 - 24 anos,, euros,,549.0
2009,Portugal,Remuneração média mensal de base,Mulheres,25 - 34 anos,, euros,,761.7
2009,Portugal,Remuneração média mensal de base,Mulheres,35 - 44 anos,, euros,,831.3
2009,Portugal,Remuneração média mensal de base,Mulheres,45 - 54 anos,, euros,,792.7
2009,Portugal,Remuneração média mensal de base,Mulheres,55 - 64 anos,, euros,,798.9
2009,Portugal,Remuneração média mensal de base,Mulheres,65 ou mais anos,, euros,,833.2
2009,Portugal,Remuneração média mensal de base,Mulheres,Desconhecido,, euros,,647.7
2009,Portugal,Remuneração média mensal de base,Mulheres,Menos de 18 anos,, euros,,442.2
2009,Portugal,Remuneração média mensal de base,Mulheres,Total,, euros,,775.5
2009,Portugal,Remuneração média mensal de base,Total,18 - 24 anos,, euros,,565.7
2009,Portugal,Remuneração média mensal de base,Total,25 - 34 anos,, euros,,795.2
2009,Portugal,Remuneração média mensal de base,Total,35 - 44 anos,, euros,,930.8
2009,Portugal,Remuneração média mensal de base,Total,45 - 54 anos,, euros,,950.1
2009,Portugal,Remuneração média mensal de base,Total,55 - 64 anos,, euros,,995.2
2009,Portugal,Remuneração média mensal de base,Total,65 ou mais anos,, euros,,1084.9
2009,Portugal,Remuneração média mensal de base,Total,Desconhecido,, euros,,841.8
2009,Portugal,Remuneração média mensal de base,Total,Menos de 18 anos,, euros,,454.8
2009,Portugal,Remuneração média mensal de base,Total,Total,, euros,,870.3
2010,Portugal,Remuneração média mensal de base,Homens,18 - 24 anos,, euros,,606.7
2010,Portugal,Remuneração média mensal de base,Homens,25 - 34 anos,, euros,,844.1
2010,Portugal,Remuneração média mensal de base,Homens,35 - 44 anos,, euros,,1039.7
2010,Portugal,Remuneração média mensal de base,Homens,45 - 54 anos,, euros,,1096.9
2010,Portugal,Remuneração média mensal de base,Homens,55 - 64 anos,, euros,,1160.2
2010,Portugal,Remuneração média mensal de base,Homens,65 ou mais anos,, euros,,1286.9
2010,Portugal,Remuneração média mensal de base,Homens,Desconhecido,, euros,,1362.0
2010,Portugal,Remuneração média mensal de base,Homens,Menos de 18 anos,, euros,,504.2
2010,Portugal,Remuneração média mensal de base,Homens,Total,, euros,,977.6
2010,Portugal,Remuneração média mensal de base,Mulheres,18 - 24 anos,, euros,,572.9
2010,Portugal,Remuneração média mensal de base,Mulheres,25 - 34 anos,, euros,,776.0
2010,Portugal,Remuneração média mensal de base,Mulheres,35 - 44 anos,, euros,,862.8
2010,Portugal,Remuneração média mensal de base,Mulheres,45 - 54 anos,, euros,,820.9
2010,Portugal,Remuneração média mensal de base,Mulheres,55 - 64 anos,, euros,,830.4
2010,Portugal,Remuneração média mensal de base,Mulheres,65 ou mais anos,, euros,,888.2
2010,Portugal,Remuneração média mensal de base,Mulheres,Desconhecido,, euros,,865.1
2010,Portugal,Remuneração média mensal de base,Mulheres,Menos de 18 anos,, euros,,469.9
2010,Portugal,Remuneração média mensal de base,Mulheres,Total,, euros,,801.8
2010,Portugal,Remuneração média mensal de base,Total,18 - 24 anos,, euros,,591.8
2010,Portugal,Remuneração média mensal de base,Total,25 - 34 anos,, euros,,812.2
2010,Portugal,Remuneração média mensal de base,Total,35 - 44 anos,, euros,,960.0
2010,Portugal,Remuneração média mensal de base,Total,45 - 54 anos,, euros,,980.0
2010,Portugal,Remuneração média mensal de base,Total,55 - 64 anos,, euros,,1036.9
2010,Portugal,Remuneração média mensal de base,Total,65 ou mais anos,, euros,,1162.9
2010,Portugal,Remuneração média mensal de base,Total,Desconhecido,, euros,,1165.1
2010,Portugal,Remuneração média mensal de base,Total,Menos de 18 anos,, euros,,493.4
2010,Portugal,Remuneração média mensal de base,Total,Total,, euros,,900.0
2011,Portugal,Remuneração média mensal de base,Homens,18 - 24 anos,, euros,,619.5
2011,Portugal,Remuneração média mensal de base,Homens,25 - 34 anos,, euros,,840.1
2011,Portugal,Remuneração média mensal de base,Homens,35 - 44 anos,, euros,,1043.5
2011,Portugal,Remuneração média mensal de base,Homens,45 - 54 anos,, euros,,1099.8
2011,Portugal,Remuneração média mensal de base,Homens,55 - 64 anos,, euros,,1173.8
2011,Portugal,Remuneração média mensal de base,Homens,65 ou mais anos,, euros,,1309.3
2011,Portugal,Remuneração média mensal de base,Homens,Desconhecido,, euros,,1528.0
2011,Portugal,Remuneração média mensal de base,Homens,Menos de 18 anos,, euros,,527.6
2011,Portugal,Remuneração média mensal de base,Homens,Total,, euros,,985.2
2011,Portugal,Remuneração média mensal de base,Mulheres,18 - 24 anos,, euros,,577.7
2011,Portugal,Remuneração média mensal de base,Mulheres,25 - 34 anos,, euros,,774.7
2011,Portugal,Remuneração média mensal de base,Mulheres,35 - 44 anos,, euros,,870.0
2011,Portugal,Remuneração média mensal de base,Mulheres,45 - 54 anos,, euros,,827.3
2011,Portugal,Remuneração média mensal de base,Mulheres,55 - 64 anos,, euros,,831.8
2011,Portugal,Remuneração média mensal de base,Mulheres,65 ou mais anos,, euros,,905.2
2011,Portugal,Remuneração média mensal de base,Mulheres,Desconhecido,, euros,,952.2
2011,Portugal,Remuneração média mensal de base,Mulheres,Menos de 18 anos,, euros,,478.6
2011,Portugal,Remuneração média mensal de base,Mulheres,Total,, euros,,808.4
2011,Portugal,Remuneração média mensal de base,Total,18 - 24 anos,, euros,,601.1
2011,Portugal,Remuneração média mensal de base,Total,25 - 34 anos,, euros,,809.2
2011,Portugal,Remuneração média mensal de base,Total,35 - 44 anos,, euros,,964.1
2011,Portugal,Remuneração média mensal de base,Total,45 - 54 anos,, euros,,981.7
2011,Portugal,Remuneração média mensal de base,Total,55 - 64 anos,, euros,,1042.7
2011,Portugal,Remuneração média mensal de base,Total,65 ou mais anos,, euros,,1181.1
2011,Portugal,Remuneração média mensal de base,Total,Desconhecido,, euros,,1336.3
2011,Portugal,Remuneração média mensal de base,Total,Menos de 18 anos,, euros,,513.8
2011,Portugal,Remuneração média mensal de base,Total,Total,, euros,,906.1
2012,Portugal,Remuneração média mensal de base,Homens,18 - 24 anos,, euros,,643.0
2012,Portugal,Remuneração média mensal de base,Homens,25 - 34 anos,, euros,,832.3
2012,Portugal,Remuneração média mensal de base,Homens,35 - 44 anos,, euros,,1053.9
2012,Portugal,Remuneração média mensal de base,Homens,45 - 54 anos,, euros,,1110.8
2012,Portugal,Remuneração média mensal de base,Homens,55 - 64 anos,, euros,,1203.6
2012,Portugal,Remuneração média mensal de base,Homens,65 ou mais anos,, euros,,1387.1
2012,Portugal,Remuneração média mensal de base,Homens,Desconhecido,, euros,,1520.0
2012,Portugal,Remuneração média mensal de base,Homens,Menos de 18 anos,, euros,,517.1
2012,Portugal,Remuneração média mensal de base,Homens,Total,, euros,,999.9
2012,Portugal,Remuneração média mensal de base,Mulheres,18 - 24 anos,, euros,,572.1
2012,Portugal,Remuneração média mensal de base,Mulheres,25 - 34 anos,, euros,,767.8
2012,Portugal,Remuneração média mensal de base,Mulheres,35 - 44 anos,, euros,,880.2
2012,Portugal,Remuneração média mensal de base,Mulheres,45 - 54 anos,, euros,,832.9
2012,Portugal,Remuneração média mensal de base,Mulheres,55 - 64 anos,, euros,,835.7
2012,Portugal,Remuneração média mensal de base,Mulheres,65 ou mais anos,, euros,,915.8
2012,Portugal,Remuneração média mensal de base,Mulheres,Desconhecido,, euros,,947.1
2012,Portugal,Remuneração média mensal de base,Mulheres,Menos de 18 anos,, euros,,489.4
2012,Portugal,Remuneração média mensal de base,Mulheres,Total,, euros,,814.5
2012,Portugal,Remuneração média mensal de base,Total,18 - 24 anos,, euros,,611.7
2012,Portugal,Remuneração média mensal de base,Total,25 - 34 anos,, euros,,801.4
2012,Portugal,Remuneração média mensal de base,Total,35 - 44 anos,, euros,,972.5
2012,Portugal,Remuneração média mensal de base,Total,45 - 54 anos,, euros,,986.2
2012,Portugal,Remuneração média mensal de base,Total,55 - 64 anos,, euros,,1055.4
2012,Portugal,Remuneração média mensal de base,Total,65 ou mais anos,, euros,,1228.0
2012,Portugal,Remuneração média mensal de base,Total,Desconhecido,, euros,,1322.8
2012,Portugal,Remuneração média mensal de base,Total,Menos de 18 anos,, euros,,509.4
2012,Portugal,Remuneração média mensal de base,Total,Total,, euros,,915.0
2013,Portugal,Remuneração média mensal de base,Homens,18 - 24 anos,, euros,,629.2
2013,Portugal,Remuneração média mensal de base,Homens,25 - 34 anos,, euros,,819.9
2013,Portugal,Remuneração média mensal de base,Homens,35 - 44 anos,, euros,,1043.7
2013,Portugal,Remuneração média mensal de base,Homens,45 - 54 anos,, euros,,1101.5
2013,Portugal,Remuneração média mensal de base,Homens,55 - 64 anos,, euros,,1193.1
2013,Portugal,Remuneração média mensal de base,Homens,65 ou mais anos,, euros,,1379.8
2013,Portugal,Remuneração média mensal de base,Homens,Desconhecido,, euros,,1631.2
2013,Portugal,Remuneração média mensal de base,Homens,Menos de 18 anos,, euros,,573.8
2013,Portugal,Remuneração média mensal de base,Homens,Total,, euros,,993.8
2013,Portugal,Remuneração média mensal de base,Mulheres,18 - 24 anos,, euros,,568.0
2013,Portugal,Remuneração média mensal de base,Mulheres,25 - 34 anos,, euros,,758.5
2013,Portugal,Remuneração média mensal de base,Mulheres,35 - 44 anos,, euros,,884.2
2013,Portugal,Remuneração média mensal de base,Mulheres,45 - 54 anos,, euros,,837.4
2013,Portugal,Remuneração média mensal de base,Mulheres,55 - 64 anos,, euros,,833.8
2013,Portugal,Remuneração média mensal de base,Mulheres,65 ou mais anos,, euros,,915.5
2013,Portugal,Remuneração média mensal de base,Mulheres,Desconhecido,, euros,,1098.3
2013,Portugal,Remuneração média mensal de base,Mulheres,Menos de 18 anos,, euros,,511.8
2013,Portugal,Remuneração média mensal de base,Mulheres,Total,, euros,,816.2
2013,Portugal,Remuneração média mensal de base,Total,18 - 24 anos,, euros,,602.6
2013,Portugal,Remuneração média mensal de base,Total,25 - 34 anos,, euros,,790.5
2013,Portugal,Remuneração média mensal de base,Total,35 - 44 anos,, euros,,968.6
2013,Portugal,Remuneração média mensal de base,Total,45 - 54 anos,, euros,,982.0
2013,Portugal,Remuneração média mensal de base,Total,55 - 64 anos,, euros,,1046.1
2013,Portugal,Remuneração média mensal de base,Total,65 ou mais anos,, euros,,1220.4
2013,Portugal,Remuneração média mensal de base,Total,Desconhecido,, euros,,1469.6
2013,Portugal,Remuneração média mensal de base,Total,Menos de 18 anos,, euros,,553.2
2013,Portugal,Remuneração média mensal de base,Total,Total,, euros,,912.2
2014,Portugal,Remuneração média mensal de base,Homens,18 - 24 anos,, euros,,629.1
2014,Portugal,Remuneração média mensal de base,Homens,25 - 34 anos,, euros,,811.2
2014,Portugal,Remuneração média mensal de base,Homens,35 - 44 anos,, euros,,1035.5
2014,Portugal,Remuneração média mensal de base,Homens,45 - 54 anos,, euros,,1086.4
2014,Portugal,Remuneração média mensal de base,Homens,55 - 64 anos,, euros,,1164.2
2014,Portugal,Remuneração média mensal de base,Homens,65 ou mais anos,, euros,,1342.7
2014,Portugal,Remuneração média mensal de base,Homens,Desconhecido,, euros,,1670.3
2014,Portugal,Remuneração média mensal de base,Homens,Menos de 18 anos,, euros,,751.2
2014,Portugal,Remuneração média mensal de base,Homens,Total,, euros,,985.0
2014,Portugal,Remuneração média mensal de base,Mulheres,18 - 24 anos,, euros,,579.4
2014,Portugal,Remuneração média mensal de base,Mulheres,25 - 34 anos,, euros,,757.7
2014,Portugal,Remuneração média mensal de base,Mulheres,35 - 44 anos,, euros,,888.8
2014,Portugal,Remuneração média mensal de base,Mulheres,45 - 54 anos,, euros,,841.1
2014,Portugal,Remuneração média mensal de base,Mulheres,55 - 64 anos,, euros,,836.8
2014,Portugal,Remuneração média mensal de base,Mulheres,65 ou mais anos,, euros,,875.0
2014,Portugal,Remuneração média mensal de base,Mulheres,Desconhecido,, euros,,1081.3
2014,Portugal,Remuneração média mensal de base,Mulheres,Menos de 18 anos,, euros,,523.9
2014,Portugal,Remuneração média mensal de base,Mulheres,Total,, euros,,820.3
2014,Portugal,Remuneração média mensal de base,Total,18 - 24 anos,, euros,,607.6
2014,Portugal,Remuneração média mensal de base,Total,25 - 34 anos,, euros,,785.8
2014,Portugal,Remuneração média mensal de base,Total,35 - 44 anos,, euros,,966.5
2014,Portugal,Remuneração média mensal de base,Total,45 - 54 anos,, euros,,974.9
2014,Portugal,Remuneração média mensal de base,Total,55 - 64 anos,, euros,,1028.7
2014,Portugal,Remuneração média mensal de base,Total,65 ou mais anos,, euros,,1170.0
2014,Portugal,Remuneração média mensal de base,Total,Desconhecido,, euros,,1473.8
2014,Portugal,Remuneração média mensal de base,Total,Menos de 18 anos,, euros,,673.4
2014,Portugal,Remuneração média mensal de base,Total,Total,, euros,,909.5
2015,Portugal,Remuneração média mensal de base,Homens,18 - 24 anos,, euros,,644.6
2015,Portugal,Remuneração média mensal de base,Homens,25 - 34 anos,, euros,,820.7
2015,Portugal,Remuneração média mensal de base,Homens,35 - 44 anos,, euros,,1035.0
2015,Portugal,Remuneração média mensal de base,Homens,45 - 54 anos,, euros,,1089.3
2015,Portugal,Remuneração média mensal de base,Homens,55 - 64 anos,, euros,,1160.0
2015,Portugal,Remuneração média mensal de base,Homens,65 ou mais anos,, euros,,1365.2
2015,Portugal,Remuneração média mensal de base,Homens,Desconhecido,, euros,,1597.8
2015,Portugal,Remuneração média mensal de base,Homens,Menos de 18 anos,, euros,,701.7
2015,Portugal,Remuneração média mensal de base,Homens,Total,, euros,,990.1
2015,Portugal,Remuneração média mensal de base,Mulheres,18 - 24 anos,, euros,,590.6
2015,Portugal,Remuneração média mensal de base,Mulheres,25 - 34 anos,, euros,,758.8
2015,Portugal,Remuneração média mensal de base,Mulheres,35 - 44 anos,, euros,,892.2
2015,Portugal,Remuneração média mensal de base,Mulheres,45 - 54 anos,, euros,,849.0
2015,Portugal,Remuneração média mensal de base,Mulheres,55 - 64 anos,, euros,,842.5
2015,Portugal,Remuneração média mensal de base,Mulheres,65 ou mais anos,, euros,,894.6
2015,Portugal,Remuneração média mensal de base,Mulheres,Desconhecido,, euros,,1130.7
2015,Portugal,Remuneração média mensal de base,Mulheres,Menos de 18 anos,, euros,,525.7
2015,Portugal,Remuneração média mensal de base,Mulheres,Total,, euros,,825.0
2015,Portugal,Remuneração média mensal de base,Total,18 - 24 anos,, euros,,621.1
2015,Portugal,Remuneração média mensal de base,Total,25 - 34 anos,, euros,,791.2
2015,Portugal,Remuneração média mensal de base,Total,35 - 44 anos,, euros,,967.3
2015,Portugal,Remuneração média mensal de base,Total,45 - 54 anos,, euros,,979.3
2015,Portugal,Remuneração média mensal de base,Total,55 - 64 anos,, euros,,1027.1
2015,Portugal,Remuneração média mensal de base,Total,65 ou mais anos,, euros,,1185.0
2015,Portugal,Remuneração média mensal de base,Total,Desconhecido,, euros,,1438.5
2015,Portugal,Remuneração média mensal de base,Total,Menos de 18 anos,, euros,,646.0
2015,Portugal,Remuneração média mensal de base,Total,Total,, euros,,913.9
2016,Portugal,Remuneração média mensal de base,Homens,18 - 24 anos,, euros,,660.6
2016,Portugal,Remuneração média mensal de base,Homens,25 - 34 anos,, euros,,834.0
2016,Portugal,Remuneração média mensal de base,Homens,35 - 44 anos,, euros,,1040.7
2016,Portugal,Remuneração média mensal de base,Homens,45 - 54 anos,, euros,,1095.5
2016,Portugal,Remuneração média mensal de base,Homens,55 - 64 anos,, euros,,1151.1
2016,Portugal,Remuneração média mensal de base,Homens,65 ou mais anos,, euros,,1356.0
2016,Portugal,Remuneração média mensal de base,Homens,Desconhecido,, euros,,1632.9
2016,Portugal,Remuneração média mensal de base,Homens,Menos de 18 anos,, euros,,744.6
2016,Portugal,Remuneração média mensal de base,Homens,Total,, euros,,997.4
2016,Portugal,Remuneração média mensal de base,Mulheres,18 - 24 anos,, euros,,612.1
2016,Portugal,Remuneração média mensal de base,Mulheres,25 - 34 anos,, euros,,773.9
2016,Portugal,Remuneração média mensal de base,Mulheres,35 - 44 anos,, euros,,906.2
2016,Portugal,Remuneração média mensal de base,Mulheres,45 - 54 anos,, euros,,868.8
2016,Portugal,Remuneração média mensal de base,Mulheres,55 - 64 anos,, euros,,849.6
2016,Portugal,Remuneração média mensal de base,Mulheres,65 ou mais anos,, euros,,910.0
2016,Portugal,Remuneração média mensal de base,Mulheres,Desconhecido,, euros,,1108.4
2016,Portugal,Remuneração média mensal de base,Mulheres,Menos de 18 anos,, euros,,546.8
2016,Portugal,Remuneração média mensal de base,Mulheres,Total,, euros,,840.3
2016,Portugal,Remuneração média mensal de base,Total,18 - 24 anos,, euros,,639.5
2016,Portugal,Remuneração média mensal de base,Total,25 - 34 anos,, euros,,805.6
2016,Portugal,Remuneração média mensal de base,Total,35 - 44 anos,, euros,,976.8
2016,Portugal,Remuneração média mensal de base,Total,45 - 54 anos,, euros,,991.4
2016,Portugal,Remuneração média mensal de base,Total,55 - 64 anos,, euros,,1023.6
2016,Portugal,Remuneração média mensal de base,Total,65 ou mais anos,, euros,,1181.9
2016,Portugal,Remuneração média mensal de base,Total,Desconhecido,, euros,,1460.6
2016,Portugal,Remuneração média mensal de base,Total,Menos de 18 anos,, euros,,688.3
2016,Portugal,Remuneração média mensal de base,Total,Total,, euros,,924.9
2017,Portugal,Remuneração média mensal de base,Homens,18 - 24 anos,, euros,,682.8
2017,Portugal,Remuneração média mensal de base,Homens,25 - 34 anos,, euros,,862.1
2017,Portugal,Remuneração média mensal de base,Homens,35 - 44 anos,, euros,,1052.1
2017,Portugal,Remuneração média mensal de base,Homens,45 - 54 anos,, euros,,1111.3
2017,Portugal,Remuneração média mensal de base,Homens,55 - 64 anos,, euros,,1140.1
2017,Portugal,Remuneração média mensal de base,Homens,65 ou mais anos,, euros,,1353.7
2017,Portugal,Remuneração média mensal de base,Homens,Desconhecido,, euros,,1681.1
2017,Portugal,Remuneração média mensal de base,Homens,Menos de 18 anos,, euros,,728.0
2017,Portugal,Remuneração média mensal de base,Homens,Total,, euros,,1012.3
2017,Portugal,Remuneração média mensal de base,Mulheres,18 - 24 anos,, euros,,640.2
2017,Portugal,Remuneração média mensal de base,Mulheres,25 - 34 anos,, euros,,796.1
2017,Portugal,Remuneração média mensal de base,Mulheres,35 - 44 anos,, euros,,925.7
2017,Portugal,Remuneração média mensal de base,Mulheres,45 - 54 anos,, euros,,894.3
2017,Portugal,Remuneração média mensal de base,Mulheres,55 - 64 anos,, euros,,865.2
2017,Portugal,Remuneração média mensal de base,Mulheres,65 ou mais anos,, euros,,899.9
2017,Portugal,Remuneração média mensal de base,Mulheres,Desconhecido,, euros,,1155.7
2017,Portugal,Remuneração média mensal de base,Mulheres,Menos de 18 anos,, euros,,564.6
2017,Portugal,Remuneração média mensal de base,Mulheres,Total,, euros,,861.2
2017,Portugal,Remuneração média mensal de base,Total,18 - 24 anos,, euros,,664.3
2017,Portugal,Remuneração média mensal de base,Total,25 - 34 anos,, euros,,831.1
2017,Portugal,Remuneração média mensal de base,Total,35 - 44 anos,, euros,,992.2
2017,Portugal,Remuneração média mensal de base,Total,45 - 54 anos,, euros,,1011.9
2017,Portugal,Remuneração média mensal de base,Total,55 - 64 anos,, euros,,1024.6
2017,Portugal,Remuneração média mensal de base,Total,65 ou mais anos,, euros,,1181.5
2017,Portugal,Remuneração média mensal de base,Total,Desconhecido,, euros,,1507.1
2017,Portugal,Remuneração média mensal de base,Total,Menos de 18 anos,, euros,,682.8
2017,Portugal,Remuneração média mensal de base,Total,Total,, euros,,943.0
2018,Portugal,Remuneração média mensal de base,Homens,18 - 24 anos,, euros,,713.1
2018,Portugal,Remuneração média mensal de base,Homens,25 - 34 anos,, euros,,900.7
2018,Portugal,Remuneração média mensal de base,Homens,35 - 44 anos,, euros,,1078.0
2018,Portugal,Remuneração média mensal de base,Homens,45 - 54 anos,, euros,,1139.4
2018,Portugal,Remuneração média mensal de base,Homens,55 - 64 anos,, euros,,1150.5
2018,Portugal,Remuneração média mensal de base,Homens,65 ou mais anos,, euros,,1329.8
2018,Portugal,Remuneração média mensal de base,Homens,Desconhecido,, euros,,1715.2
2018,Portugal,Remuneração média mensal de base,Homens,Menos de 18 anos,, euros,,733.3
2018,Portugal,Remuneração média mensal de base,Homens,Total,, euros,,1039.1
2018,Portugal,Remuneração média mensal de base,Mulheres,18 - 24 anos,, euros,,667.7
2018,Portugal,Remuneração média mensal de base,Mulheres,25 - 34 anos,, euros,,823.3
2018,Portugal,Remuneração média mensal de base,Mulheres,35 - 44 anos,, euros,,950.6
2018,Portugal,Remuneração média mensal de base,Mulheres,45 - 54 anos,, euros,,929.1
2018,Portugal,Remuneração média mensal de base,Mulheres,55 - 64 anos,, euros,,887.8
2018,Portugal,Remuneração média mensal de base,Mulheres,65 ou mais anos,, euros,,929.9
2018,Portugal,Remuneração média mensal de base,Mulheres,Desconhecido,, euros,,1159.9
2018,Portugal,Remuneração média mensal de base,Mulheres,Menos de 18 anos,, euros,,609.1
2018,Portugal,Remuneração média mensal de base,Mulheres,Total,, euros,,888.6
2018,Portugal,Remuneração média mensal de base,Total,18 - 24 anos,, euros,,693.7
2018,Portugal,Remuneração média mensal de base,Total,25 - 34 anos,, euros,,864.8
2018,Portugal,Remuneração média mensal de base,Total,35 - 44 anos,, euros,,1017.9
2018,Portugal,Remuneração média mensal de base,Total,45 - 54 anos,, euros,,1043.1
2018,Portugal,Remuneração média mensal de base,Total,55 - 64 anos,, euros,,1039.2
2018,Portugal,Remuneração média mensal de base,Total,65 ou mais anos,, euros,,1177.7
2018,Portugal,Remuneração média mensal de base,Total,Desconhecido,, euros,,1538.7
2018,Portugal,Remuneração média mensal de base,Total,Menos de 18 anos,, euros,,693.2
2018,Portugal,Remuneração média mensal de base,Total,Total,, euros,,970.4
2019,Portugal,Remuneração média mensal de base,Homens,18 - 24 anos,, euros,,749.7
2019,Portugal,Remuneração média mensal de base,Homens,25 - 34 anos,, euros,,944.4
2019,Portugal,Remuneração média mensal de base,Homens,35 - 44 anos,, euros,,1115.0
2019,Portugal,Remuneração média mensal de base,Homens,45 - 54 anos,, euros,,1178.5
2019,Portugal,Remuneração média mensal de base,Homens,55 - 64 anos,, euros,,1162.2
2019,Portugal,Remuneração média mensal de base,Homens,65 ou mais anos,, euros,,1356.4
2019,Portugal,Remuneração média mensal de base,Homens,Desconhecido,, euros,,937.3
2019,Portugal,Remuneração média mensal de base,Homens,Menos de 18 anos,, euros,,1031.7
2019,Portugal,Remuneração média mensal de base,Homens,Total,, euros,,1073.8
2019,Portugal,Remuneração média mensal de base,Mulheres,18 - 24 anos,, euros,,698.9
2019,Portugal,Remuneração média mensal de base,Mulheres,25 - 34 anos,, euros,,864.2
2019,Portugal,Remuneração média mensal de base,Mulheres,35 - 44 anos,, euros,,984.0
2019,Portugal,Remuneração média mensal de base,Mulheres,45 - 54 anos,, euros,,967.9
2019,Portugal,Remuneração média mensal de base,Mulheres,55 - 64 anos,, euros,,907.9
2019,Portugal,Remuneração média mensal de base,Mulheres,65 ou mais anos,, euros,,982.7
2019,Portugal,Remuneração média mensal de base,Mulheres,Desconhecido,, euros,,904.5
2019,Portugal,Remuneração média mensal de base,Mulheres,Menos de 18 anos,, euros,,698.0
2019,Portugal,Remuneração média mensal de base,Mulheres,Total,, euros,,922.6
2019,Portugal,Remuneração média mensal de base,Total,18 - 24 anos,, euros,,727.9
2019,Portugal,Remuneração média mensal de base,Total,25 - 34 anos,, euros,,907.4
2019,Portugal,Remuneração média mensal de base,Total,35 - 44 anos,, euros,,1053.7
2019,Portugal,Remuneração média mensal de base,Total,45 - 54 anos,, euros,,1081.9
2019,Portugal,Remuneração média mensal de base,Total,55 - 64 anos,, euros,,1053.8
2019,Portugal,Remuneração média mensal de base,Total,65 ou mais anos,, euros,,1219.7
2019,Portugal,Remuneração média mensal de base,Total,Desconhecido,, euros,,919.6
2019,Portugal,Remuneração média mensal de base,Total,Menos de 18 anos,, euros,,939.9
2019,Portugal,Remuneração média mensal de base,Total,Total,, euros,,1005.1
2020,Portugal,Remuneração média mensal de base,Homens,18 - 24 anos,, euros,,781.8
2020,Portugal,Remuneração média mensal de base,Homens,25 - 34 anos,, euros,,980.7
2020,Portugal,Remuneração média mensal de base,Homens,35 - 44 anos,, euros,,1140.6
2020,Portugal,Remuneração média mensal de base,Homens,45 - 54 anos,, euros,,1214.3
2020,Portugal,Remuneração média mensal de base,Homens,55 - 64 anos,, euros,,1192.5
2020,Portugal,Remuneração média mensal de base,Homens,65 ou mais anos,, euros,,1428.3
2020,Portugal,Remuneração média mensal de base,Homens,Desconhecido,, euros,,1041.1
2020,Portugal,Remuneração média mensal de base,Homens,Menos de 18 anos,, euros,,1255.6
2020,Portugal,Remuneração média mensal de base,Homens,Total,, euros,,1109.2
2020,Portugal,Remuneração média mensal de base,Mulheres,18 - 24 anos,, euros,,734.7
2020,Portugal,Remuneração média mensal de base,Mulheres,25 - 34 anos,, euros,,904.7
2020,Portugal,Remuneração média mensal de base,Mulheres,35 - 44 anos,, euros,,1015.8
2020,Portugal,Remuneração média mensal de base,Mulheres,45 - 54 anos,, euros,,1005.7
2020,Portugal,Remuneração média mensal de base,Mulheres,55 - 64 anos,, euros,,940.9
2020,Portugal,Remuneração média mensal de base,Mulheres,65 ou mais anos,, euros,,1024.3
2020,Portugal,Remuneração média mensal de base,Mulheres,Desconhecido,, euros,,988.4
2020,Portugal,Remuneração média mensal de base,Mulheres,Menos de 18 anos,, euros,,662.5
2020,Portugal,Remuneração média mensal de base,Mulheres,Total,, euros,,960.3
2020,Portugal,Remuneração média mensal de base,Total,18 - 24 anos,, euros,,762.0
2020,Portugal,Remuneração média mensal de base,Total,25 - 34 anos,, euros,,946.2
2020,Portugal,Remuneração média mensal de base,Total,35 - 44 anos,, euros,,1082.6
2020,Portugal,Remuneração média mensal de base,Total,45 - 54 anos,, euros,,1118.6
2020,Portugal,Remuneração média mensal de base,Total,55 - 64 anos,, euros,,1085.0
2020,Portugal,Remuneração média mensal de base,Total,65 ou mais anos,, euros,,1280.8
2020,Portugal,Remuneração média mensal de base,Total,Desconhecido,, euros,,1018.6
2020,Portugal,Remuneração média mensal de base,Total,Menos de 18 anos,, euros,,1150.3
2020,Portugal,Remuneração média mensal de base,Total,Total,, euros,,1042.0
2021,Portugal,Remuneração média mensal de base,Homens,18 - 24 anos,, euros,,818.0
2021,Portugal,Remuneração média mensal de base,Homens,25 - 34 anos,, euros,,1035.4
2021,Portugal,Remuneração média mensal de base,Homens,35 - 44 anos,, euros,,1188.9
2021,Portugal,Remuneração média mensal de base,Homens,45 - 54 anos,, euros,,1255.3
2021,Portugal,Remuneração média mensal de base,Homens,55 - 64 anos,, euros,,1211.7
2021,Portugal,Remuneração média mensal de base,Homens,65 ou mais anos,, euros,,1426.2
2021,Portugal,Remuneração média mensal de base,Homens,Desconhecido,, euros,,988.1
2021,Portugal,Remuneração média mensal de base,Homens,Menos de 18 anos,, euros,,1222.7
2021,Portugal,Remuneração média mensal de base,Homens,Total,, euros,,1152.2
2021,Portugal,Remuneração média mensal de base,Mulheres,18 - 24 anos,, euros,,774.4
2021,Portugal,Remuneração média mensal de base,Mulheres,25 - 34 anos,, euros,,951.6
2021,Portugal,Remuneração média mensal de base,Mulheres,35 - 44 anos,, euros,,1050.8
2021,Portugal,Remuneração média mensal de base,Mulheres,45 - 54 anos,, euros,,1047.6
2021,Portugal,Remuneração média mensal de base,Mulheres,55 - 64 anos,, euros,,973.2
2021,Portugal,Remuneração média mensal de base,Mulheres,65 ou mais anos,, euros,,1065.1
2021,Portugal,Remuneração média mensal de base,Mulheres,Desconhecido,, euros,,934.2
2021,Portugal,Remuneração média mensal de base,Mulheres,Menos de 18 anos,, euros,,686.5
2021,Portugal,Remuneração média mensal de base,Mulheres,Total,, euros,,999.3
2021,Portugal,Remuneração média mensal de base,Total,18 - 24 anos,, euros,,799.3
2021,Portugal,Remuneração média mensal de base,Total,25 - 34 anos,, euros,,997.3
2021,Portugal,Remuneração média mensal de base,Total,35 - 44 anos,, euros,,1124.8
2021,Portugal,Remuneração média mensal de base,Total,45 - 54 anos,, euros,,1158.8
2021,Portugal,Remuneração média mensal de base,Total,55 - 64 anos,, euros,,1108.5
2021,Portugal,Remuneração média mensal de base,Total,65 ou mais anos,, euros,,1291.4
2021,Portugal,Remuneração média mensal de base,Total,Desconhecido,, euros,,961.4
2021,Portugal,Remuneração média mensal de base,Total,Menos de 18 anos,, euros,,1101.0
2021,Portugal,Remuneração média mensal de base,Total,Total,, euros,,1082.8
2022,Portugal,Remuneração média mensal de base,Homens,18 - 24 anos,, euros,,881.2
2022,Portugal,Remuneração média mensal de base,Homens,25 - 34 anos,, euros,,1107.3
2022,Portugal,Remuneração média mensal de base,Homens,35 - 44 anos,, euros,,1261.7
2022,Portugal,Remuneração média mensal de base,Homens,45 - 54 anos,, euros,,1326.4
2022,Portugal,Remuneração média mensal de base,Homens,55 - 64 anos,, euros,,1263.4
2022,Portugal,Remuneração média mensal de base,Homens,65 ou mais anos,, euros,,1419.4
2022,Portugal,Remuneração média mensal de base,Homens,Desconhecido,, euros,,1133.5
2022,Portugal,Remuneração média mensal de base,Homens,Menos de 18 anos,, euros,,1184.4
2022,Portugal,Remuneração média mensal de base,Homens,Total,, euros,,1217.3
2022,Portugal,Remuneração média mensal de base,Mulheres,18 - 24 anos,, euros,,827.2
2022,Portugal,Remuneração média mensal de base,Mulheres,25 - 34 anos,, euros,,1018.5
2022,Portugal,Remuneração média mensal de base,Mulheres,35 - 44 anos,, euros,,1104.3
2022,Portugal,Remuneração média mensal de base,Mulheres,45 - 54 anos,, euros,,1107.8
2022,Portugal,Remuneração média mensal de base,Mulheres,55 - 64 anos,, euros,,1015.2
2022,Portugal,Remuneração média mensal de base,Mulheres,65 ou mais anos,, euros,,1093.9
2022,Portugal,Remuneração média mensal de base,Mulheres,Desconhecido,, euros,,1021.5
2022,Portugal,Remuneração média mensal de base,Mulheres,Menos de 18 anos,, euros,,743.7
2022,Portugal,Remuneração média mensal de base,Mulheres,Total,, euros,,1054.4
2022,Portugal,Remuneração média mensal de base,Total,18 - 24 anos,, euros,,857.9
2022,Portugal,Remuneração média mensal de base,Total,25 - 34 anos,, euros,,1067.4
2022,Portugal,Remuneração média mensal de base,Total,35 - 44 anos,, euros,,1189.0
2022,Portugal,Remuneração média mensal de base,Total,45 - 54 anos,, euros,,1224.3
2022,Portugal,Remuneração média mensal de base,Total,55 - 64 anos,, euros,,1154.6
2022,Portugal,Remuneração média mensal de base,Total,65 ou mais anos,, euros,,1298.0
2022,Portugal,Remuneração média mensal de base,Total,Desconhecido,, euros,,1084.9
2022,Portugal,Remuneração média mensal de base,Total,Menos de 18 anos,, euros,,1066.3
2022,Portugal,Remuneração média mensal de base,Total,Total,, euros,,1143.4
,,,,,,,,
,Indicador: Ganho e remuneração média mensal de base por sexo e grupo etário,,,,,,,
,Ultima atualização: 17.07.2025,,,,,,,
,"Fonte: Gabinete de Estratégia e Planeamento do Ministério do Trabalho, Solidariedade e Segurança Social (GEP - MTSSS)",,,,,,,
